[
    {
        "id": 1,
        "firstName": "Lyda",
        "lastName": "Misson",
        "email": "lmisson0@bloglines.com",
        "info": {
            "about": "In hac habitasse platea dictumst. Etiam faucibus cursus urna. Ut tellus. Nulla ut erat id mauris vulputate elementum. Nullam varius.",
            "gender": "Polygender",
            "dob": "1946-02-21",
            "showGender": false,
            "showDob": false
        },
        "profilePicture": "https://robohash.org/sitearumminima.png?size=120x120&set=set1"
    },
    {
        "id": 2,
        "firstName": "Belinda",
        "lastName": "Maccraw",
        "email": "bmaccraw1@dailymail.co.uk",
        "info": {
            "about": "Mauris enim leo, rhoncus sed, vestibulum sit amet, cursus id, turpis. Integer aliquet, massa id lobortis convallis, tortor risus dapibus augue, vel accumsan tellus nisi eu orci. Mauris lacinia sapien quis libero. Nullam sit amet turpis elementum ligula vehicula consequat. Morbi a ipsum.",
            "gender": "Female",
            "dob": "1979-08-20",
            "showGender": false,
            "showDob": true
        },
        "profilePicture": "https://robohash.org/etautvel.png?size=120x120&set=set1"
    },
    {
        "id": 3,
        "firstName": "Abel",
        "lastName": "Bassindale",
        "email": "abassindale2@statcounter.com",
        "info": {
            "about": "Vestibulum ante ipsum primis in faucibus orci luctus et ultrices posuere cubilia Curae; Duis faucibus accumsan odio. Curabitur convallis. Duis consequat dui nec nisi volutpat eleifend. Donec ut dolor.",
            "gender": "Bigender",
            "dob": "1981-09-14",
            "showGender": false,
            "showDob": false
        },
        "profilePicture": "https://robohash.org/facerecumvoluptates.png?size=120x120&set=set1"
    },
    {
        "id": 4,
        "firstName": "Melvyn",
        "lastName": "Borkin",
        "email": "mborkin3@bravesites.com",
        "info": {
            "about": "In congue. Etiam justo. Etiam pretium iaculis justo. In hac habitasse platea dictumst.",
            "gender": "Genderqueer",
            "dob": "1987-07-16",
            "showGender": false,
            "showDob": true
        },
        "profilePicture": "https://robohash.org/blanditiisnoninventore.png?size=120x120&set=set1"
    },
    {
        "id": 5,
        "firstName": "Dreddy",
        "lastName": "Hutson",
        "email": "dhutson4@wix.com",
        "info": {
            "about": "Mauris sit amet eros. Suspendisse accumsan tortor quis turpis. Sed ante. Vivamus tortor.",
            "gender": "Genderfluid",
            "dob": "1950-01-16",
            "showGender": false,
            "showDob": false
        },
        "profilePicture": "https://robohash.org/autlaborumharum.png?size=120x120&set=set1"
    },
    {
        "id": 6,
        "firstName": "Neall",
        "lastName": "Verbeke",
        "email": "nverbeke5@google.com.au",
        "info": {
            "about": "Cras mi pede, malesuada in, imperdiet et, commodo vulputate, justo. In blandit ultrices enim. Lorem ipsum dolor sit amet, consectetuer adipiscing elit. Proin interdum mauris non ligula pellentesque ultrices. Phasellus id sapien in sapien iaculis congue.",
            "gender": "Male",
            "dob": "1956-08-24",
            "showGender": false,
            "showDob": true
        },
        "profilePicture": "https://robohash.org/omnisofficiisreprehenderit.png?size=120x120&set=set1"
    },
    {
        "id": 7,
        "firstName": "Haywood",
        "lastName": "Conman",
        "email": "hconman6@oakley.com",
        "info": {
            "about": "Vestibulum ante ipsum primis in faucibus orci luctus et ultrices posuere cubilia Curae; Nulla dapibus dolor vel est. Donec odio justo, sollicitudin ut, suscipit a, feugiat et, eros. Vestibulum ac est lacinia nisi venenatis tristique.",
            "gender": "Bigender",
            "dob": "1937-05-23",
            "showGender": false,
            "showDob": true
        },
        "profilePicture": "https://robohash.org/quiestearum.png?size=120x120&set=set1"
    },
    {
        "id": 8,
        "firstName": "Helena",
        "lastName": "Francom",
        "email": "hfrancom7@marketwatch.com",
        "info": {
            "about": "Donec ut dolor. Morbi vel lectus in quam fringilla rhoncus. Mauris enim leo, rhoncus sed, vestibulum sit amet, cursus id, turpis.",
            "gender": "Agender",
            "dob": "1993-08-19",
            "showGender": true,
            "showDob": false
        },
        "profilePicture": "https://robohash.org/officiaperferendisqui.png?size=120x120&set=set1"
    },
    {
        "id": 9,
        "firstName": "Kath",
        "lastName": "Skillanders",
        "email": "kskillanders8@imdb.com",
        "info": {
            "about": "Cras in purus eu magna vulputate luctus. Cum sociis natoque penatibus et magnis dis parturient montes, nascetur ridiculus mus. Vivamus vestibulum sagittis sapien.",
            "gender": "Non-binary",
            "dob": "1958-05-21",
            "showGender": false,
            "showDob": false
        },
        "profilePicture": "https://robohash.org/impeditnihilrepellendus.png?size=120x120&set=set1"
    },
    {
        "id": 10,
        "firstName": "Malcolm",
        "lastName": "Rawood",
        "email": "mrawood9@fema.gov",
        "info": {
            "about": "Nam dui. Proin leo odio, porttitor id, consequat in, consequat ut, nulla. Sed accumsan felis.",
            "gender": "Agender",
            "dob": "1967-11-14",
            "showGender": true,
            "showDob": true
        },
        "profilePicture": "https://robohash.org/undenonfuga.png?size=120x120&set=set1"
    },
    {
        "id": 11,
        "firstName": "Deerdre",
        "lastName": "Nial",
        "email": "dniala@gizmodo.com",
        "info": {
            "about": "Morbi non lectus. Aliquam sit amet diam in magna bibendum imperdiet. Nullam orci pede, venenatis non, sodales sed, tincidunt eu, felis. Fusce posuere felis sed lacus.",
            "gender": "Male",
            "dob": "1981-04-30",
            "showGender": true,
            "showDob": false
        },
        "profilePicture": "https://robohash.org/rationetemporibusquae.png?size=120x120&set=set1"
    },
    {
        "id": 12,
        "firstName": "Major",
        "lastName": "Cowgill",
        "email": "mcowgillb@ft.com",
        "info": {
            "about": "Duis consequat dui nec nisi volutpat eleifend. Donec ut dolor. Morbi vel lectus in quam fringilla rhoncus. Mauris enim leo, rhoncus sed, vestibulum sit amet, cursus id, turpis. Integer aliquet, massa id lobortis convallis, tortor risus dapibus augue, vel accumsan tellus nisi eu orci.",
            "gender": "Genderqueer",
            "dob": "1978-02-21",
            "showGender": true,
            "showDob": false
        },
        "profilePicture": "https://robohash.org/dolorequiinventore.png?size=120x120&set=set1"
    },
    {
        "id": 13,
        "firstName": "Drusi",
        "lastName": "Feyer",
        "email": "dfeyerc@chicagotribune.com",
        "info": {
            "about": "Nulla tempus. Vivamus in felis eu sapien cursus vestibulum. Proin eu mi. Nulla ac enim.",
            "gender": "Agender",
            "dob": "1974-06-07",
            "showGender": true,
            "showDob": true
        },
        "profilePicture": "https://robohash.org/etnoncorporis.png?size=120x120&set=set1"
    },
    {
        "id": 14,
        "firstName": "Nikolaos",
        "lastName": "Jonsson",
        "email": "njonssond@mlb.com",
        "info": {
            "about": "Integer a nibh. In quis justo. Maecenas rhoncus aliquam lacus. Morbi quis tortor id nulla ultrices aliquet.",
            "gender": "Male",
            "dob": "1996-07-08",
            "showGender": false,
            "showDob": true
        },
        "profilePicture": "https://robohash.org/teneturofficiisaccusantium.png?size=120x120&set=set1"
    },
    {
        "id": 15,
        "firstName": "Antonietta",
        "lastName": "Maeer",
        "email": "amaeere@sogou.com",
        "info": {
            "about": "Mauris enim leo, rhoncus sed, vestibulum sit amet, cursus id, turpis. Integer aliquet, massa id lobortis convallis, tortor risus dapibus augue, vel accumsan tellus nisi eu orci. Mauris lacinia sapien quis libero. Nullam sit amet turpis elementum ligula vehicula consequat.",
            "gender": "Non-binary",
            "dob": "1987-11-09",
            "showGender": true,
            "showDob": true
        },
        "profilePicture": "https://robohash.org/dolorumquibusdamest.png?size=120x120&set=set1"
    },
    {
        "id": 16,
        "firstName": "Peggie",
        "lastName": "Chudleigh",
        "email": "pchudleighf@bandcamp.com",
        "info": {
            "about": "Phasellus sit amet erat. Nulla tempus. Vivamus in felis eu sapien cursus vestibulum. Proin eu mi.",
            "gender": "Female",
            "dob": "1974-05-08",
            "showGender": true,
            "showDob": true
        },
        "profilePicture": "https://robohash.org/cumquevoluptatesvel.png?size=120x120&set=set1"
    },
    {
        "id": 17,
        "firstName": "Gwenore",
        "lastName": "Evenden",
        "email": "gevendeng@1688.com",
        "info": {
            "about": "Ut tellus. Nulla ut erat id mauris vulputate elementum. Nullam varius. Nulla facilisi. Cras non velit nec nisi vulputate nonummy.",
            "gender": "Male",
            "dob": "1968-01-03",
            "showGender": false,
            "showDob": true
        },
        "profilePicture": "https://robohash.org/atqueetnihil.png?size=120x120&set=set1"
    },
    {
        "id": 18,
        "firstName": "Karoly",
        "lastName": "Hew",
        "email": "khewh@virginia.edu",
        "info": {
            "about": "Mauris sit amet eros. Suspendisse accumsan tortor quis turpis. Sed ante. Vivamus tortor. Duis mattis egestas metus.",
            "gender": "Male",
            "dob": "1983-10-19",
            "showGender": false,
            "showDob": true
        },
        "profilePicture": "https://robohash.org/voluptatemconsequaturratione.png?size=120x120&set=set1"
    },
    {
        "id": 19,
        "firstName": "Gerald",
        "lastName": "Chittey",
        "email": "gchitteyi@squarespace.com",
        "info": {
            "about": "Integer pede justo, lacinia eget, tincidunt eget, tempus vel, pede. Morbi porttitor lorem id ligula. Suspendisse ornare consequat lectus. In est risus, auctor sed, tristique in, tempus sit amet, sem. Fusce consequat.",
            "gender": "Genderfluid",
            "dob": "1925-09-09",
            "showGender": false,
            "showDob": false
        },
        "profilePicture": "https://robohash.org/etarchitectoblanditiis.png?size=120x120&set=set1"
    },
    {
        "id": 20,
        "firstName": "Shep",
        "lastName": "Lumox",
        "email": "slumoxj@vkontakte.ru",
        "info": {
            "about": "Vestibulum ante ipsum primis in faucibus orci luctus et ultrices posuere cubilia Curae; Duis faucibus accumsan odio. Curabitur convallis. Duis consequat dui nec nisi volutpat eleifend. Donec ut dolor.",
            "gender": "Genderfluid",
            "dob": "1968-02-03",
            "showGender": true,
            "showDob": true
        },
        "profilePicture": "https://robohash.org/mollitiarepudiandaesunt.png?size=120x120&set=set1"
    },
    {
        "id": 21,
        "firstName": "Flin",
        "lastName": "Dobbings",
        "email": "fdobbingsk@feedburner.com",
        "info": {
            "about": "Lorem ipsum dolor sit amet, consectetuer adipiscing elit. Proin risus. Praesent lectus. Vestibulum quam sapien, varius ut, blandit non, interdum in, ante. Vestibulum ante ipsum primis in faucibus orci luctus et ultrices posuere cubilia Curae; Duis faucibus accumsan odio.",
            "gender": "Polygender",
            "dob": "1929-01-05",
            "showGender": false,
            "showDob": false
        },
        "profilePicture": "https://robohash.org/maioresdolorducimus.png?size=120x120&set=set1"
    },
    {
        "id": 22,
        "firstName": "Goldie",
        "lastName": "Le Sieur",
        "email": "glesieurl@mtv.com",
        "info": {
            "about": "Curabitur at ipsum ac tellus semper interdum. Mauris ullamcorper purus sit amet nulla. Quisque arcu libero, rutrum ac, lobortis vel, dapibus at, diam. Nam tristique tortor eu pede.",
            "gender": "Agender",
            "dob": "1951-04-09",
            "showGender": false,
            "showDob": false
        },
        "profilePicture": "https://robohash.org/rerumetut.png?size=120x120&set=set1"
    },
    {
        "id": 23,
        "firstName": "Melly",
        "lastName": "Sewart",
        "email": "msewartm@utexas.edu",
        "info": {
            "about": "Nam dui. Proin leo odio, porttitor id, consequat in, consequat ut, nulla. Sed accumsan felis. Ut at dolor quis odio consequat varius.",
            "gender": "Genderqueer",
            "dob": "1936-02-28",
            "showGender": false,
            "showDob": false
        },
        "profilePicture": "https://robohash.org/exercitationemipsaenim.png?size=120x120&set=set1"
    },
    {
        "id": 24,
        "firstName": "Candra",
        "lastName": "Ekins",
        "email": "cekinsn@yellowbook.com",
        "info": {
            "about": "Maecenas tristique, est et tempus semper, est quam pharetra magna, ac consequat metus sapien ut nunc. Vestibulum ante ipsum primis in faucibus orci luctus et ultrices posuere cubilia Curae; Mauris viverra diam vitae quam. Suspendisse potenti. Nullam porttitor lacus at turpis. Donec posuere metus vitae ipsum.",
            "gender": "Genderqueer",
            "dob": "1964-10-05",
            "showGender": false,
            "showDob": false
        },
        "profilePicture": "https://robohash.org/repudiandaemolestiaeexpedita.png?size=120x120&set=set1"
    },
    {
        "id": 25,
        "firstName": "Henryetta",
        "lastName": "Locard",
        "email": "hlocardo@yellowpages.com",
        "info": {
            "about": "Nullam porttitor lacus at turpis. Donec posuere metus vitae ipsum. Aliquam non mauris. Morbi non lectus. Aliquam sit amet diam in magna bibendum imperdiet.",
            "gender": "Female",
            "dob": "1941-12-06",
            "showGender": true,
            "showDob": true
        },
        "profilePicture": "https://robohash.org/corporisnamillo.png?size=120x120&set=set1"
    },
    {
        "id": 26,
        "firstName": "Lezlie",
        "lastName": "Cough",
        "email": "lcoughp@about.me",
        "info": {
            "about": "Nulla justo. Aliquam quis turpis eget elit sodales scelerisque. Mauris sit amet eros. Suspendisse accumsan tortor quis turpis. Sed ante.",
            "gender": "Male",
            "dob": "1947-12-02",
            "showGender": true,
            "showDob": false
        },
        "profilePicture": "https://robohash.org/quiainventoreculpa.png?size=120x120&set=set1"
    },
    {
        "id": 27,
        "firstName": "Donnie",
        "lastName": "Nornable",
        "email": "dnornableq@usnews.com",
        "info": {
            "about": "Donec vitae nisi. Nam ultrices, libero non mattis pulvinar, nulla pede ullamcorper augue, a suscipit nulla elit ac nulla. Sed vel enim sit amet nunc viverra dapibus.",
            "gender": "Genderfluid",
            "dob": "1945-05-24",
            "showGender": false,
            "showDob": false
        },
        "profilePicture": "https://robohash.org/etmollitiaaut.png?size=120x120&set=set1"
    },
    {
        "id": 28,
        "firstName": "Cori",
        "lastName": "Gantlett",
        "email": "cgantlettr@intel.com",
        "info": {
            "about": "Donec quis orci eget orci vehicula condimentum. Curabitur in libero ut massa volutpat convallis. Morbi odio odio, elementum eu, interdum eu, tincidunt in, leo. Maecenas pulvinar lobortis est. Phasellus sit amet erat.",
            "gender": "Female",
            "dob": "1928-03-21",
            "showGender": false,
            "showDob": false
        },
        "profilePicture": "https://robohash.org/pariatursuntveritatis.png?size=120x120&set=set1"
    },
    {
        "id": 29,
        "firstName": "Cordelia",
        "lastName": "Jouhandeau",
        "email": "cjouhandeaus@hao123.com",
        "info": {
            "about": "Vestibulum ante ipsum primis in faucibus orci luctus et ultrices posuere cubilia Curae; Nulla dapibus dolor vel est. Donec odio justo, sollicitudin ut, suscipit a, feugiat et, eros. Vestibulum ac est lacinia nisi venenatis tristique. Fusce congue, diam id ornare imperdiet, sapien urna pretium nisl, ut volutpat sapien arcu sed augue.",
            "gender": "Genderqueer",
            "dob": "1979-07-15",
            "showGender": false,
            "showDob": false
        },
        "profilePicture": "https://robohash.org/consequaturmagnivoluptatem.png?size=120x120&set=set1"
    },
    {
        "id": 30,
        "firstName": "Paten",
        "lastName": "Trunkfield",
        "email": "ptrunkfieldt@desdev.cn",
        "info": {
            "about": "Cras in purus eu magna vulputate luctus. Cum sociis natoque penatibus et magnis dis parturient montes, nascetur ridiculus mus. Vivamus vestibulum sagittis sapien. Cum sociis natoque penatibus et magnis dis parturient montes, nascetur ridiculus mus. Etiam vel augue.",
            "gender": "Bigender",
            "dob": "1954-03-22",
            "showGender": false,
            "showDob": false
        },
        "profilePicture": "https://robohash.org/exdoloremdignissimos.png?size=120x120&set=set1"
    },
    {
        "id": 31,
        "firstName": "Shalna",
        "lastName": "Cahani",
        "email": "scahaniu@go.com",
        "info": {
            "about": "Vivamus vel nulla eget eros elementum pellentesque. Quisque porta volutpat erat. Quisque erat eros, viverra eget, congue eget, semper rutrum, nulla.",
            "gender": "Non-binary",
            "dob": "1927-04-21",
            "showGender": true,
            "showDob": false
        },
        "profilePicture": "https://robohash.org/laborevoluptatedoloremque.png?size=120x120&set=set1"
    },
    {
        "id": 32,
        "firstName": "Barrie",
        "lastName": "Skelington",
        "email": "bskelingtonv@dmoz.org",
        "info": {
            "about": "Donec posuere metus vitae ipsum. Aliquam non mauris. Morbi non lectus. Aliquam sit amet diam in magna bibendum imperdiet.",
            "gender": "Male",
            "dob": "1938-11-22",
            "showGender": false,
            "showDob": true
        },
        "profilePicture": "https://robohash.org/corruptinequedistinctio.png?size=120x120&set=set1"
    },
    {
        "id": 33,
        "firstName": "Elsie",
        "lastName": "Piniur",
        "email": "epiniurw@alibaba.com",
        "info": {
            "about": "Etiam vel augue. Vestibulum rutrum rutrum neque. Aenean auctor gravida sem.",
            "gender": "Bigender",
            "dob": "1944-01-01",
            "showGender": false,
            "showDob": false
        },
        "profilePicture": "https://robohash.org/totamomnisculpa.png?size=120x120&set=set1"
    },
    {
        "id": 34,
        "firstName": "Allison",
        "lastName": "Berzins",
        "email": "aberzinsx@ted.com",
        "info": {
            "about": "Integer non velit. Donec diam neque, vestibulum eget, vulputate ut, ultrices vel, augue. Vestibulum ante ipsum primis in faucibus orci luctus et ultrices posuere cubilia Curae; Donec pharetra, magna vestibulum aliquet ultrices, erat tortor sollicitudin mi, sit amet lobortis sapien sapien non mi.",
            "gender": "Genderfluid",
            "dob": "1982-05-12",
            "showGender": true,
            "showDob": true
        },
        "profilePicture": "https://robohash.org/atqueaccusantiumet.png?size=120x120&set=set1"
    },
    {
        "id": 35,
        "firstName": "Fergus",
        "lastName": "Tytler",
        "email": "ftytlery@sitemeter.com",
        "info": {
            "about": "Etiam faucibus cursus urna. Ut tellus. Nulla ut erat id mauris vulputate elementum. Nullam varius.",
            "gender": "Male",
            "dob": "1978-08-23",
            "showGender": false,
            "showDob": true
        },
        "profilePicture": "https://robohash.org/beataevelitmolestiae.png?size=120x120&set=set1"
    },
    {
        "id": 36,
        "firstName": "Vernor",
        "lastName": "Strond",
        "email": "vstrondz@woothemes.com",
        "info": {
            "about": "Aenean auctor gravida sem. Praesent id massa id nisl venenatis lacinia. Aenean sit amet justo. Morbi ut odio. Cras mi pede, malesuada in, imperdiet et, commodo vulputate, justo.",
            "gender": "Male",
            "dob": "1929-08-04",
            "showGender": true,
            "showDob": false
        },
        "profilePicture": "https://robohash.org/velitnisisoluta.png?size=120x120&set=set1"
    },
    {
        "id": 37,
        "firstName": "Klara",
        "lastName": "Woloschin",
        "email": "kwoloschin10@twitpic.com",
        "info": {
            "about": "Aenean auctor gravida sem. Praesent id massa id nisl venenatis lacinia. Aenean sit amet justo. Morbi ut odio.",
            "gender": "Male",
            "dob": "1955-08-27",
            "showGender": false,
            "showDob": false
        },
        "profilePicture": "https://robohash.org/estquaevoluptatibus.png?size=120x120&set=set1"
    },
    {
        "id": 38,
        "firstName": "Emilie",
        "lastName": "Lobell",
        "email": "elobell11@ucla.edu",
        "info": {
            "about": "Aenean lectus. Pellentesque eget nunc. Donec quis orci eget orci vehicula condimentum. Curabitur in libero ut massa volutpat convallis.",
            "gender": "Genderfluid",
            "dob": "1962-11-28",
            "showGender": false,
            "showDob": true
        },
        "profilePicture": "https://robohash.org/remfugiatnon.png?size=120x120&set=set1"
    },
    {
        "id": 39,
        "firstName": "Annemarie",
        "lastName": "Smyley",
        "email": "asmyley12@latimes.com",
        "info": {
            "about": "Nulla mollis molestie lorem. Quisque ut erat. Curabitur gravida nisi at nibh. In hac habitasse platea dictumst. Aliquam augue quam, sollicitudin vitae, consectetuer eget, rutrum at, lorem.",
            "gender": "Non-binary",
            "dob": "1985-04-27",
            "showGender": true,
            "showDob": false
        },
        "profilePicture": "https://robohash.org/ainaut.png?size=120x120&set=set1"
    },
    {
        "id": 40,
        "firstName": "Ervin",
        "lastName": "Jepps",
        "email": "ejepps13@mozilla.org",
        "info": {
            "about": "Donec quis orci eget orci vehicula condimentum. Curabitur in libero ut massa volutpat convallis. Morbi odio odio, elementum eu, interdum eu, tincidunt in, leo. Maecenas pulvinar lobortis est.",
            "gender": "Genderqueer",
            "dob": "1959-03-19",
            "showGender": false,
            "showDob": false
        },
        "profilePicture": "https://robohash.org/ducimusametaut.png?size=120x120&set=set1"
    },
    {
        "id": 41,
        "firstName": "Del",
        "lastName": "Decourt",
        "email": "ddecourt14@msu.edu",
        "info": {
            "about": "Mauris ullamcorper purus sit amet nulla. Quisque arcu libero, rutrum ac, lobortis vel, dapibus at, diam. Nam tristique tortor eu pede.",
            "gender": "Polygender",
            "dob": "1990-03-23",
            "showGender": true,
            "showDob": false
        },
        "profilePicture": "https://robohash.org/architectovoluptatedolorem.png?size=120x120&set=set1"
    },
    {
        "id": 42,
        "firstName": "Blanche",
        "lastName": "Hawgood",
        "email": "bhawgood15@nifty.com",
        "info": {
            "about": "Sed sagittis. Nam congue, risus semper porta volutpat, quam pede lobortis ligula, sit amet eleifend pede libero quis orci. Nullam molestie nibh in lectus. Pellentesque at nulla. Suspendisse potenti.",
            "gender": "Female",
            "dob": "1940-07-27",
            "showGender": true,
            "showDob": true
        },
        "profilePicture": "https://robohash.org/officiisestet.png?size=120x120&set=set1"
    },
    {
        "id": 43,
        "firstName": "Bernete",
        "lastName": "Van Daalen",
        "email": "bvandaalen16@wsj.com",
        "info": {
            "about": "Vivamus tortor. Duis mattis egestas metus. Aenean fermentum. Donec ut mauris eget massa tempor convallis.",
            "gender": "Non-binary",
            "dob": "1929-04-11",
            "showGender": false,
            "showDob": true
        },
        "profilePicture": "https://robohash.org/enimquisquamreiciendis.png?size=120x120&set=set1"
    },
    {
        "id": 44,
        "firstName": "Ab",
        "lastName": "Binnall",
        "email": "abinnall17@yolasite.com",
        "info": {
            "about": "Nulla tellus. In sagittis dui vel nisl. Duis ac nibh. Fusce lacus purus, aliquet at, feugiat non, pretium quis, lectus. Suspendisse potenti.",
            "gender": "Polygender",
            "dob": "1932-11-26",
            "showGender": false,
            "showDob": true
        },
        "profilePicture": "https://robohash.org/architectodoloremporro.png?size=120x120&set=set1"
    },
    {
        "id": 45,
        "firstName": "Gorden",
        "lastName": "Bockett",
        "email": "gbockett18@addtoany.com",
        "info": {
            "about": "Mauris lacinia sapien quis libero. Nullam sit amet turpis elementum ligula vehicula consequat. Morbi a ipsum.",
            "gender": "Polygender",
            "dob": "1974-05-04",
            "showGender": true,
            "showDob": true
        },
        "profilePicture": "https://robohash.org/nequeipsumeos.png?size=120x120&set=set1"
    },
    {
        "id": 46,
        "firstName": "Robinet",
        "lastName": "Tolfrey",
        "email": "rtolfrey19@4shared.com",
        "info": {
            "about": "Praesent lectus. Vestibulum quam sapien, varius ut, blandit non, interdum in, ante. Vestibulum ante ipsum primis in faucibus orci luctus et ultrices posuere cubilia Curae; Duis faucibus accumsan odio. Curabitur convallis. Duis consequat dui nec nisi volutpat eleifend.",
            "gender": "Genderfluid",
            "dob": "1953-01-09",
            "showGender": false,
            "showDob": false
        },
        "profilePicture": "https://robohash.org/corruptiettempore.png?size=120x120&set=set1"
    },
    {
        "id": 47,
        "firstName": "Terri",
        "lastName": "Bolino",
        "email": "tbolino1a@google.cn",
        "info": {
            "about": "In hac habitasse platea dictumst. Aliquam augue quam, sollicitudin vitae, consectetuer eget, rutrum at, lorem. Integer tincidunt ante vel ipsum.",
            "gender": "Polygender",
            "dob": "1934-01-12",
            "showGender": false,
            "showDob": true
        },
        "profilePicture": "https://robohash.org/fugiatcorruptiaperiam.png?size=120x120&set=set1"
    },
    {
        "id": 48,
        "firstName": "Loria",
        "lastName": "Wauchope",
        "email": "lwauchope1b@sina.com.cn",
        "info": {
            "about": "Duis consequat dui nec nisi volutpat eleifend. Donec ut dolor. Morbi vel lectus in quam fringilla rhoncus.",
            "gender": "Genderfluid",
            "dob": "1931-10-21",
            "showGender": false,
            "showDob": true
        },
        "profilePicture": "https://robohash.org/eaomnisodio.png?size=120x120&set=set1"
    },
    {
        "id": 49,
        "firstName": "Leo",
        "lastName": "Maiden",
        "email": "lmaiden1c@abc.net.au",
        "info": {
            "about": "Morbi non lectus. Aliquam sit amet diam in magna bibendum imperdiet. Nullam orci pede, venenatis non, sodales sed, tincidunt eu, felis. Fusce posuere felis sed lacus.",
            "gender": "Genderfluid",
            "dob": "1989-11-24",
            "showGender": true,
            "showDob": false
        },
        "profilePicture": "https://robohash.org/inestnulla.png?size=120x120&set=set1"
    },
    {
        "id": 50,
        "firstName": "Francis",
        "lastName": "Sebright",
        "email": "fsebright1d@ed.gov",
        "info": {
            "about": "Mauris enim leo, rhoncus sed, vestibulum sit amet, cursus id, turpis. Integer aliquet, massa id lobortis convallis, tortor risus dapibus augue, vel accumsan tellus nisi eu orci. Mauris lacinia sapien quis libero.",
            "gender": "Polygender",
            "dob": "1939-05-27",
            "showGender": true,
            "showDob": false
        },
        "profilePicture": "https://robohash.org/voluptatesoditad.png?size=120x120&set=set1"
    },
    {
        "id": 51,
        "firstName": "Benny",
        "lastName": "Heisler",
        "email": "bheisler1e@xing.com",
        "info": {
            "about": "Aenean fermentum. Donec ut mauris eget massa tempor convallis. Nulla neque libero, convallis eget, eleifend luctus, ultricies eu, nibh.",
            "gender": "Genderqueer",
            "dob": "1995-05-29",
            "showGender": true,
            "showDob": true
        },
        "profilePicture": "https://robohash.org/solutadolorveniam.png?size=120x120&set=set1"
    },
    {
        "id": 52,
        "firstName": "Abba",
        "lastName": "Gajewski",
        "email": "agajewski1f@cnet.com",
        "info": {
            "about": "Proin leo odio, porttitor id, consequat in, consequat ut, nulla. Sed accumsan felis. Ut at dolor quis odio consequat varius.",
            "gender": "Non-binary",
            "dob": "1968-10-02",
            "showGender": true,
            "showDob": true
        },
        "profilePicture": "https://robohash.org/autemporrout.png?size=120x120&set=set1"
    },
    {
        "id": 53,
        "firstName": "Johny",
        "lastName": "Trownson",
        "email": "jtrownson1g@reddit.com",
        "info": {
            "about": "Suspendisse accumsan tortor quis turpis. Sed ante. Vivamus tortor. Duis mattis egestas metus.",
            "gender": "Female",
            "dob": "1922-12-07",
            "showGender": false,
            "showDob": false
        },
        "profilePicture": "https://robohash.org/undeipsasequi.png?size=120x120&set=set1"
    },
    {
        "id": 54,
        "firstName": "Lorant",
        "lastName": "Slowgrove",
        "email": "lslowgrove1h@list-manage.com",
        "info": {
            "about": "Proin interdum mauris non ligula pellentesque ultrices. Phasellus id sapien in sapien iaculis congue. Vivamus metus arcu, adipiscing molestie, hendrerit at, vulputate vitae, nisl. Aenean lectus.",
            "gender": "Male",
            "dob": "1944-06-30",
            "showGender": true,
            "showDob": true
        },
        "profilePicture": "https://robohash.org/quidemblanditiiscumque.png?size=120x120&set=set1"
    },
    {
        "id": 55,
        "firstName": "Anita",
        "lastName": "Fairclough",
        "email": "afairclough1i@usatoday.com",
        "info": {
            "about": "Cras non velit nec nisi vulputate nonummy. Maecenas tincidunt lacus at velit. Vivamus vel nulla eget eros elementum pellentesque. Quisque porta volutpat erat.",
            "gender": "Male",
            "dob": "1939-06-19",
            "showGender": true,
            "showDob": true
        },
        "profilePicture": "https://robohash.org/consequaturbeataenecessitatibus.png?size=120x120&set=set1"
    },
    {
        "id": 56,
        "firstName": "Ellyn",
        "lastName": "Warsop",
        "email": "ewarsop1j@illinois.edu",
        "info": {
            "about": "Duis at velit eu est congue elementum. In hac habitasse platea dictumst. Morbi vestibulum, velit id pretium iaculis, diam erat fermentum justo, nec condimentum neque sapien placerat ante. Nulla justo. Aliquam quis turpis eget elit sodales scelerisque.",
            "gender": "Genderfluid",
            "dob": "1993-05-25",
            "showGender": false,
            "showDob": true
        },
        "profilePicture": "https://robohash.org/molestiaeexpeditadolores.png?size=120x120&set=set1"
    },
    {
        "id": 57,
        "firstName": "Dorine",
        "lastName": "Sally",
        "email": "dsally1k@cmu.edu",
        "info": {
            "about": "Nulla neque libero, convallis eget, eleifend luctus, ultricies eu, nibh. Quisque id justo sit amet sapien dignissim vestibulum. Vestibulum ante ipsum primis in faucibus orci luctus et ultrices posuere cubilia Curae; Nulla dapibus dolor vel est. Donec odio justo, sollicitudin ut, suscipit a, feugiat et, eros.",
            "gender": "Female",
            "dob": "2001-06-03",
            "showGender": false,
            "showDob": true
        },
        "profilePicture": "https://robohash.org/doloreslaudantiumnulla.png?size=120x120&set=set1"
    },
    {
        "id": 58,
        "firstName": "Zenia",
        "lastName": "Entres",
        "email": "zentres1l@deliciousdays.com",
        "info": {
            "about": "Etiam faucibus cursus urna. Ut tellus. Nulla ut erat id mauris vulputate elementum. Nullam varius.",
            "gender": "Genderqueer",
            "dob": "1921-07-15",
            "showGender": false,
            "showDob": true
        },
        "profilePicture": "https://robohash.org/accusantiumharumnecessitatibus.png?size=120x120&set=set1"
    },
    {
        "id": 59,
        "firstName": "Shawn",
        "lastName": "Doel",
        "email": "sdoel1m@wiley.com",
        "info": {
            "about": "Duis aliquam convallis nunc. Proin at turpis a pede posuere nonummy. Integer non velit.",
            "gender": "Female",
            "dob": "1937-06-02",
            "showGender": true,
            "showDob": false
        },
        "profilePicture": "https://robohash.org/praesentiumdolorumest.png?size=120x120&set=set1"
    },
    {
        "id": 60,
        "firstName": "Rem",
        "lastName": "Caras",
        "email": "rcaras1n@seattletimes.com",
        "info": {
            "about": "Morbi odio odio, elementum eu, interdum eu, tincidunt in, leo. Maecenas pulvinar lobortis est. Phasellus sit amet erat.",
            "gender": "Polygender",
            "dob": "1927-10-16",
            "showGender": true,
            "showDob": false
        },
        "profilePicture": "https://robohash.org/utvitaeullam.png?size=120x120&set=set1"
    },
    {
        "id": 61,
        "firstName": "Benedikt",
        "lastName": "McCroft",
        "email": "bmccroft1o@friendfeed.com",
        "info": {
            "about": "Vivamus vestibulum sagittis sapien. Cum sociis natoque penatibus et magnis dis parturient montes, nascetur ridiculus mus. Etiam vel augue.",
            "gender": "Agender",
            "dob": "1949-09-08",
            "showGender": true,
            "showDob": false
        },
        "profilePicture": "https://robohash.org/repellatnisidistinctio.png?size=120x120&set=set1"
    },
    {
        "id": 62,
        "firstName": "Aimil",
        "lastName": "Regi",
        "email": "aregi1p@vinaora.com",
        "info": {
            "about": "Praesent blandit. Nam nulla. Integer pede justo, lacinia eget, tincidunt eget, tempus vel, pede. Morbi porttitor lorem id ligula.",
            "gender": "Male",
            "dob": "1930-12-22",
            "showGender": true,
            "showDob": false
        },
        "profilePicture": "https://robohash.org/necessitatibussinteaque.png?size=120x120&set=set1"
    },
    {
        "id": 63,
        "firstName": "Larissa",
        "lastName": "Nevett",
        "email": "lnevett1q@ifeng.com",
        "info": {
            "about": "Quisque erat eros, viverra eget, congue eget, semper rutrum, nulla. Nunc purus. Phasellus in felis. Donec semper sapien a libero.",
            "gender": "Bigender",
            "dob": "1980-11-04",
            "showGender": true,
            "showDob": true
        },
        "profilePicture": "https://robohash.org/voluptatibusconsequaturea.png?size=120x120&set=set1"
    },
    {
        "id": 64,
        "firstName": "Ruby",
        "lastName": "McCall",
        "email": "rmccall1r@joomla.org",
        "info": {
            "about": "Suspendisse ornare consequat lectus. In est risus, auctor sed, tristique in, tempus sit amet, sem. Fusce consequat.",
            "gender": "Non-binary",
            "dob": "2000-07-08",
            "showGender": true,
            "showDob": false
        },
        "profilePicture": "https://robohash.org/exullamut.png?size=120x120&set=set1"
    },
    {
        "id": 65,
        "firstName": "Aaren",
        "lastName": "Montier",
        "email": "amontier1s@sohu.com",
        "info": {
            "about": "Lorem ipsum dolor sit amet, consectetuer adipiscing elit. Proin interdum mauris non ligula pellentesque ultrices. Phasellus id sapien in sapien iaculis congue. Vivamus metus arcu, adipiscing molestie, hendrerit at, vulputate vitae, nisl.",
            "gender": "Non-binary",
            "dob": "1933-01-31",
            "showGender": false,
            "showDob": true
        },
        "profilePicture": "https://robohash.org/iddoloresiste.png?size=120x120&set=set1"
    },
    {
        "id": 66,
        "firstName": "Godfrey",
        "lastName": "Luckcock",
        "email": "gluckcock1t@mac.com",
        "info": {
            "about": "Vestibulum ante ipsum primis in faucibus orci luctus et ultrices posuere cubilia Curae; Mauris viverra diam vitae quam. Suspendisse potenti. Nullam porttitor lacus at turpis. Donec posuere metus vitae ipsum. Aliquam non mauris.",
            "gender": "Female",
            "dob": "1955-03-07",
            "showGender": false,
            "showDob": false
        },
        "profilePicture": "https://robohash.org/omnisvoluptasrecusandae.png?size=120x120&set=set1"
    },
    {
        "id": 67,
        "firstName": "Karrie",
        "lastName": "Mulchrone",
        "email": "kmulchrone1u@networkadvertising.org",
        "info": {
            "about": "Suspendisse potenti. Nullam porttitor lacus at turpis. Donec posuere metus vitae ipsum.",
            "gender": "Agender",
            "dob": "1928-09-02",
            "showGender": true,
            "showDob": true
        },
        "profilePicture": "https://robohash.org/inventorequiomnis.png?size=120x120&set=set1"
    },
    {
        "id": 68,
        "firstName": "Trix",
        "lastName": "Yockney",
        "email": "tyockney1v@engadget.com",
        "info": {
            "about": "Sed sagittis. Nam congue, risus semper porta volutpat, quam pede lobortis ligula, sit amet eleifend pede libero quis orci. Nullam molestie nibh in lectus. Pellentesque at nulla.",
            "gender": "Genderqueer",
            "dob": "1953-02-04",
            "showGender": false,
            "showDob": true
        },
        "profilePicture": "https://robohash.org/doloretet.png?size=120x120&set=set1"
    },
    {
        "id": 69,
        "firstName": "Melisande",
        "lastName": "Boswell",
        "email": "mboswell1w@vk.com",
        "info": {
            "about": "Donec ut dolor. Morbi vel lectus in quam fringilla rhoncus. Mauris enim leo, rhoncus sed, vestibulum sit amet, cursus id, turpis. Integer aliquet, massa id lobortis convallis, tortor risus dapibus augue, vel accumsan tellus nisi eu orci.",
            "gender": "Male",
            "dob": "1922-07-27",
            "showGender": true,
            "showDob": true
        },
        "profilePicture": "https://robohash.org/veniamullamet.png?size=120x120&set=set1"
    },
    {
        "id": 70,
        "firstName": "Emmalyn",
        "lastName": "Plumstead",
        "email": "eplumstead1x@shutterfly.com",
        "info": {
            "about": "Suspendisse ornare consequat lectus. In est risus, auctor sed, tristique in, tempus sit amet, sem. Fusce consequat.",
            "gender": "Agender",
            "dob": "1941-04-09",
            "showGender": false,
            "showDob": false
        },
        "profilePicture": "https://robohash.org/dignissimosdolorcorporis.png?size=120x120&set=set1"
    },
    {
        "id": 71,
        "firstName": "Konstance",
        "lastName": "Nancarrow",
        "email": "knancarrow1y@wisc.edu",
        "info": {
            "about": "Vivamus in felis eu sapien cursus vestibulum. Proin eu mi. Nulla ac enim.",
            "gender": "Genderfluid",
            "dob": "1996-06-09",
            "showGender": false,
            "showDob": true
        },
        "profilePicture": "https://robohash.org/voluptastenetursequi.png?size=120x120&set=set1"
    },
    {
        "id": 72,
        "firstName": "Case",
        "lastName": "Hospital",
        "email": "chospital1z@wisc.edu",
        "info": {
            "about": "Vivamus in felis eu sapien cursus vestibulum. Proin eu mi. Nulla ac enim. In tempor, turpis nec euismod scelerisque, quam turpis adipiscing lorem, vitae mattis nibh ligula nec sem.",
            "gender": "Bigender",
            "dob": "1967-04-21",
            "showGender": false,
            "showDob": true
        },
        "profilePicture": "https://robohash.org/optioofficiismodi.png?size=120x120&set=set1"
    },
    {
        "id": 73,
        "firstName": "Alexei",
        "lastName": "Slowan",
        "email": "aslowan20@unesco.org",
        "info": {
            "about": "Proin interdum mauris non ligula pellentesque ultrices. Phasellus id sapien in sapien iaculis congue. Vivamus metus arcu, adipiscing molestie, hendrerit at, vulputate vitae, nisl. Aenean lectus. Pellentesque eget nunc.",
            "gender": "Polygender",
            "dob": "1990-09-03",
            "showGender": true,
            "showDob": true
        },
        "profilePicture": "https://robohash.org/utporrodolorum.png?size=120x120&set=set1"
    },
    {
        "id": 74,
        "firstName": "Dollie",
        "lastName": "Longmaid",
        "email": "dlongmaid21@unblog.fr",
        "info": {
            "about": "In quis justo. Maecenas rhoncus aliquam lacus. Morbi quis tortor id nulla ultrices aliquet.",
            "gender": "Polygender",
            "dob": "1995-04-13",
            "showGender": true,
            "showDob": true
        },
        "profilePicture": "https://robohash.org/providentconsequaturnecessitatibus.png?size=120x120&set=set1"
    },
    {
        "id": 75,
        "firstName": "Philipa",
        "lastName": "Simone",
        "email": "psimone22@ft.com",
        "info": {
            "about": "Suspendisse ornare consequat lectus. In est risus, auctor sed, tristique in, tempus sit amet, sem. Fusce consequat. Nulla nisl.",
            "gender": "Genderqueer",
            "dob": "1938-02-18",
            "showGender": true,
            "showDob": false
        },
        "profilePicture": "https://robohash.org/quoutvoluptas.png?size=120x120&set=set1"
    },
    {
        "id": 76,
        "firstName": "Raffaello",
        "lastName": "Follen",
        "email": "rfollen23@mtv.com",
        "info": {
            "about": "Cras mi pede, malesuada in, imperdiet et, commodo vulputate, justo. In blandit ultrices enim. Lorem ipsum dolor sit amet, consectetuer adipiscing elit. Proin interdum mauris non ligula pellentesque ultrices.",
            "gender": "Bigender",
            "dob": "1976-10-24",
            "showGender": true,
            "showDob": true
        },
        "profilePicture": "https://robohash.org/istequienim.png?size=120x120&set=set1"
    },
    {
        "id": 77,
        "firstName": "Cyrus",
        "lastName": "Stathor",
        "email": "cstathor24@npr.org",
        "info": {
            "about": "Nullam porttitor lacus at turpis. Donec posuere metus vitae ipsum. Aliquam non mauris.",
            "gender": "Female",
            "dob": "1985-12-17",
            "showGender": false,
            "showDob": false
        },
        "profilePicture": "https://robohash.org/voluptaseosqui.png?size=120x120&set=set1"
    },
    {
        "id": 78,
        "firstName": "Clementius",
        "lastName": "Fruin",
        "email": "cfruin25@com.com",
        "info": {
            "about": "Duis consequat dui nec nisi volutpat eleifend. Donec ut dolor. Morbi vel lectus in quam fringilla rhoncus.",
            "gender": "Bigender",
            "dob": "1987-06-15",
            "showGender": false,
            "showDob": false
        },
        "profilePicture": "https://robohash.org/aspernatursedat.png?size=120x120&set=set1"
    },
    {
        "id": 79,
        "firstName": "Tedmund",
        "lastName": "Silburn",
        "email": "tsilburn26@feedburner.com",
        "info": {
            "about": "Pellentesque ultrices mattis odio. Donec vitae nisi. Nam ultrices, libero non mattis pulvinar, nulla pede ullamcorper augue, a suscipit nulla elit ac nulla.",
            "gender": "Female",
            "dob": "1993-10-23",
            "showGender": true,
            "showDob": false
        },
        "profilePicture": "https://robohash.org/voluptatemaperiamut.png?size=120x120&set=set1"
    },
    {
        "id": 80,
        "firstName": "Amble",
        "lastName": "Creasy",
        "email": "acreasy27@samsung.com",
        "info": {
            "about": "Vivamus vestibulum sagittis sapien. Cum sociis natoque penatibus et magnis dis parturient montes, nascetur ridiculus mus. Etiam vel augue. Vestibulum rutrum rutrum neque. Aenean auctor gravida sem.",
            "gender": "Bigender",
            "dob": "1932-08-19",
            "showGender": false,
            "showDob": true
        },
        "profilePicture": "https://robohash.org/rerumrecusandaeearum.png?size=120x120&set=set1"
    },
    {
        "id": 81,
        "firstName": "Filmore",
        "lastName": "Tanfield",
        "email": "ftanfield28@shop-pro.jp",
        "info": {
            "about": "Nullam molestie nibh in lectus. Pellentesque at nulla. Suspendisse potenti. Cras in purus eu magna vulputate luctus.",
            "gender": "Polygender",
            "dob": "1982-10-17",
            "showGender": true,
            "showDob": false
        },
        "profilePicture": "https://robohash.org/sednihiladipisci.png?size=120x120&set=set1"
    },
    {
        "id": 82,
        "firstName": "Marc",
        "lastName": "Hegley",
        "email": "mhegley29@omniture.com",
        "info": {
            "about": "Aliquam quis turpis eget elit sodales scelerisque. Mauris sit amet eros. Suspendisse accumsan tortor quis turpis. Sed ante.",
            "gender": "Non-binary",
            "dob": "1987-01-17",
            "showGender": false,
            "showDob": false
        },
        "profilePicture": "https://robohash.org/dictamolestiasautem.png?size=120x120&set=set1"
    },
    {
        "id": 83,
        "firstName": "Drugi",
        "lastName": "Durker",
        "email": "ddurker2a@last.fm",
        "info": {
            "about": "Nulla suscipit ligula in lacus. Curabitur at ipsum ac tellus semper interdum. Mauris ullamcorper purus sit amet nulla. Quisque arcu libero, rutrum ac, lobortis vel, dapibus at, diam. Nam tristique tortor eu pede.",
            "gender": "Polygender",
            "dob": "1974-03-21",
            "showGender": false,
            "showDob": false
        },
        "profilePicture": "https://robohash.org/asedporro.png?size=120x120&set=set1"
    },
    {
        "id": 84,
        "firstName": "Wyn",
        "lastName": "Hymus",
        "email": "whymus2b@usda.gov",
        "info": {
            "about": "Suspendisse accumsan tortor quis turpis. Sed ante. Vivamus tortor. Duis mattis egestas metus. Aenean fermentum.",
            "gender": "Female",
            "dob": "1946-03-16",
            "showGender": false,
            "showDob": false
        },
        "profilePicture": "https://robohash.org/laboriosammollitiadignissimos.png?size=120x120&set=set1"
    },
    {
        "id": 85,
        "firstName": "Ike",
        "lastName": "Dimanche",
        "email": "idimanche2c@pcworld.com",
        "info": {
            "about": "Proin eu mi. Nulla ac enim. In tempor, turpis nec euismod scelerisque, quam turpis adipiscing lorem, vitae mattis nibh ligula nec sem. Duis aliquam convallis nunc. Proin at turpis a pede posuere nonummy.",
            "gender": "Genderqueer",
            "dob": "1937-08-09",
            "showGender": false,
            "showDob": true
        },
        "profilePicture": "https://robohash.org/eumautveniam.png?size=120x120&set=set1"
    },
    {
        "id": 86,
        "firstName": "Jolee",
        "lastName": "Thomasson",
        "email": "jthomasson2d@phpbb.com",
        "info": {
            "about": "Nulla justo. Aliquam quis turpis eget elit sodales scelerisque. Mauris sit amet eros.",
            "gender": "Non-binary",
            "dob": "1924-04-27",
            "showGender": false,
            "showDob": true
        },
        "profilePicture": "https://robohash.org/temporaautodio.png?size=120x120&set=set1"
    },
    {
        "id": 87,
        "firstName": "Tandi",
        "lastName": "Francesconi",
        "email": "tfrancesconi2e@cocolog-nifty.com",
        "info": {
            "about": "Nulla tempus. Vivamus in felis eu sapien cursus vestibulum. Proin eu mi.",
            "gender": "Non-binary",
            "dob": "1925-06-22",
            "showGender": false,
            "showDob": false
        },
        "profilePicture": "https://robohash.org/veroutaut.png?size=120x120&set=set1"
    },
    {
        "id": 88,
        "firstName": "Rozamond",
        "lastName": "Dionisi",
        "email": "rdionisi2f@opensource.org",
        "info": {
            "about": "Proin risus. Praesent lectus. Vestibulum quam sapien, varius ut, blandit non, interdum in, ante. Vestibulum ante ipsum primis in faucibus orci luctus et ultrices posuere cubilia Curae; Duis faucibus accumsan odio. Curabitur convallis.",
            "gender": "Non-binary",
            "dob": "1954-09-13",
            "showGender": true,
            "showDob": false
        },
        "profilePicture": "https://robohash.org/itaquecumomnis.png?size=120x120&set=set1"
    },
    {
        "id": 89,
        "firstName": "Jacinda",
        "lastName": "Oen",
        "email": "joen2g@acquirethisname.com",
        "info": {
            "about": "Integer aliquet, massa id lobortis convallis, tortor risus dapibus augue, vel accumsan tellus nisi eu orci. Mauris lacinia sapien quis libero. Nullam sit amet turpis elementum ligula vehicula consequat.",
            "gender": "Bigender",
            "dob": "1966-01-14",
            "showGender": false,
            "showDob": true
        },
        "profilePicture": "https://robohash.org/corporisipsumqui.png?size=120x120&set=set1"
    },
    {
        "id": 90,
        "firstName": "Veronike",
        "lastName": "Denacamp",
        "email": "vdenacamp2h@php.net",
        "info": {
            "about": "Phasellus in felis. Donec semper sapien a libero. Nam dui. Proin leo odio, porttitor id, consequat in, consequat ut, nulla. Sed accumsan felis.",
            "gender": "Bigender",
            "dob": "1976-10-29",
            "showGender": false,
            "showDob": true
        },
        "profilePicture": "https://robohash.org/cumquienim.png?size=120x120&set=set1"
    },
    {
        "id": 91,
        "firstName": "Marrissa",
        "lastName": "Filipychev",
        "email": "mfilipychev2i@dropbox.com",
        "info": {
            "about": "Fusce lacus purus, aliquet at, feugiat non, pretium quis, lectus. Suspendisse potenti. In eleifend quam a odio. In hac habitasse platea dictumst. Maecenas ut massa quis augue luctus tincidunt.",
            "gender": "Genderqueer",
            "dob": "1990-06-01",
            "showGender": true,
            "showDob": false
        },
        "profilePicture": "https://robohash.org/iurequiat.png?size=120x120&set=set1"
    },
    {
        "id": 92,
        "firstName": "Hirsch",
        "lastName": "Arnowicz",
        "email": "harnowicz2j@liveinternet.ru",
        "info": {
            "about": "Nam congue, risus semper porta volutpat, quam pede lobortis ligula, sit amet eleifend pede libero quis orci. Nullam molestie nibh in lectus. Pellentesque at nulla.",
            "gender": "Female",
            "dob": "1940-10-26",
            "showGender": false,
            "showDob": false
        },
        "profilePicture": "https://robohash.org/corruptimolestiaeet.png?size=120x120&set=set1"
    },
    {
        "id": 93,
        "firstName": "Judas",
        "lastName": "Yurasov",
        "email": "jyurasov2k@squarespace.com",
        "info": {
            "about": "Donec diam neque, vestibulum eget, vulputate ut, ultrices vel, augue. Vestibulum ante ipsum primis in faucibus orci luctus et ultrices posuere cubilia Curae; Donec pharetra, magna vestibulum aliquet ultrices, erat tortor sollicitudin mi, sit amet lobortis sapien sapien non mi. Integer ac neque. Duis bibendum. Morbi non quam nec dui luctus rutrum.",
            "gender": "Polygender",
            "dob": "1962-01-03",
            "showGender": false,
            "showDob": false
        },
        "profilePicture": "https://robohash.org/sitfugiatinventore.png?size=120x120&set=set1"
    },
    {
        "id": 94,
        "firstName": "Arabele",
        "lastName": "Lacaze",
        "email": "alacaze2l@barnesandnoble.com",
        "info": {
            "about": "Nulla neque libero, convallis eget, eleifend luctus, ultricies eu, nibh. Quisque id justo sit amet sapien dignissim vestibulum. Vestibulum ante ipsum primis in faucibus orci luctus et ultrices posuere cubilia Curae; Nulla dapibus dolor vel est. Donec odio justo, sollicitudin ut, suscipit a, feugiat et, eros. Vestibulum ac est lacinia nisi venenatis tristique.",
            "gender": "Non-binary",
            "dob": "1971-05-18",
            "showGender": true,
            "showDob": false
        },
        "profilePicture": "https://robohash.org/similiquecorrupticonsequuntur.png?size=120x120&set=set1"
    },
    {
        "id": 95,
        "firstName": "Marijn",
        "lastName": "Etchells",
        "email": "metchells2m@unesco.org",
        "info": {
            "about": "Quisque id justo sit amet sapien dignissim vestibulum. Vestibulum ante ipsum primis in faucibus orci luctus et ultrices posuere cubilia Curae; Nulla dapibus dolor vel est. Donec odio justo, sollicitudin ut, suscipit a, feugiat et, eros. Vestibulum ac est lacinia nisi venenatis tristique. Fusce congue, diam id ornare imperdiet, sapien urna pretium nisl, ut volutpat sapien arcu sed augue.",
            "gender": "Polygender",
            "dob": "1975-08-22",
            "showGender": true,
            "showDob": false
        },
        "profilePicture": "https://robohash.org/repellendusaccusantiumrerum.png?size=120x120&set=set1"
    },
    {
        "id": 96,
        "firstName": "Callie",
        "lastName": "Sisley",
        "email": "csisley2n@loc.gov",
        "info": {
            "about": "Morbi non quam nec dui luctus rutrum. Nulla tellus. In sagittis dui vel nisl. Duis ac nibh. Fusce lacus purus, aliquet at, feugiat non, pretium quis, lectus.",
            "gender": "Genderqueer",
            "dob": "1926-04-27",
            "showGender": true,
            "showDob": true
        },
        "profilePicture": "https://robohash.org/iurereiciendisodio.png?size=120x120&set=set1"
    },
    {
        "id": 97,
        "firstName": "Ara",
        "lastName": "Frost",
        "email": "afrost2o@cdc.gov",
        "info": {
            "about": "Quisque ut erat. Curabitur gravida nisi at nibh. In hac habitasse platea dictumst. Aliquam augue quam, sollicitudin vitae, consectetuer eget, rutrum at, lorem. Integer tincidunt ante vel ipsum.",
            "gender": "Genderfluid",
            "dob": "1934-06-22",
            "showGender": true,
            "showDob": true
        },
        "profilePicture": "https://robohash.org/eoscorruptiaut.png?size=120x120&set=set1"
    },
    {
        "id": 98,
        "firstName": "Rasla",
        "lastName": "Blackwood",
        "email": "rblackwood2p@reverbnation.com",
        "info": {
            "about": "Vestibulum ante ipsum primis in faucibus orci luctus et ultrices posuere cubilia Curae; Mauris viverra diam vitae quam. Suspendisse potenti. Nullam porttitor lacus at turpis. Donec posuere metus vitae ipsum. Aliquam non mauris.",
            "gender": "Male",
            "dob": "1940-06-14",
            "showGender": true,
            "showDob": true
        },
        "profilePicture": "https://robohash.org/quisedminus.png?size=120x120&set=set1"
    },
    {
        "id": 99,
        "firstName": "Hamil",
        "lastName": "Crampin",
        "email": "hcrampin2q@imageshack.us",
        "info": {
            "about": "In est risus, auctor sed, tristique in, tempus sit amet, sem. Fusce consequat. Nulla nisl. Nunc nisl.",
            "gender": "Agender",
            "dob": "1992-12-12",
            "showGender": false,
            "showDob": true
        },
        "profilePicture": "https://robohash.org/adutrecusandae.png?size=120x120&set=set1"
    },
    {
        "id": 100,
        "firstName": "Ianthe",
        "lastName": "Payze",
        "email": "ipayze2r@gravatar.com",
        "info": {
            "about": "Maecenas ut massa quis augue luctus tincidunt. Nulla mollis molestie lorem. Quisque ut erat. Curabitur gravida nisi at nibh. In hac habitasse platea dictumst.",
            "gender": "Non-binary",
            "dob": "1975-06-15",
            "showGender": true,
            "showDob": false
        },
        "profilePicture": "https://robohash.org/doloreeaquequi.png?size=120x120&set=set1"
    }
]